id1,species,english,img_source,img_link,wiki_link
0,accipiter_gentilis,Northern Goshawk,https://upload.wikimedia.org/wikipedia/commons/thumb/8/81/Northern_Goshawk_ad_M2.jpg/220px-Northern_Goshawk_ad_M2.jpg,https://en.wikipedia.org/wiki/File:Northern_Goshawk_ad_M2.jpg,https://en.wikipedia.org/wiki/Northern_goshawk
1,acrocephalus_arundinaceus,Great Reed Warbler,https://upload.wikimedia.org/wikipedia/commons/thumb/0/03/Drosselrohrs%C3%A4nger_Great_reed_warbler.jpg/220px-Drosselrohrs%C3%A4nger_Great_reed_warbler.jpg,https://en.wikipedia.org/wiki/File:Drosselrohrs%C3%A4nger_Great_reed_warbler.jpg,https://en.wikipedia.org/wiki/Great_reed_warbler
2,acrocephalus_dumetorum,Blyth's Reed Warbler,https://upload.wikimedia.org/wikipedia/commons/thumb/3/33/Blyth%27s_Reed_Warbler_I2_IMG_9417.jpg/220px-Blyth%27s_Reed_Warbler_I2_IMG_9417.jpg,https://en.wikipedia.org/wiki/File:Blyth%27s_Reed_Warbler_I2_IMG_9417.jpg,https://en.wikipedia.org/wiki/Blyth's_reed_warbler
3,acrocephalus_palustris,Marsh Warbler,https://upload.wikimedia.org/wikipedia/commons/thumb/7/7d/Acrocephalus_palustris_%28Marek_Szczepanek%29.jpg/220px-Acrocephalus_palustris_%28Marek_Szczepanek%29.jpg,https://en.wikipedia.org/wiki/File:Acrocephalus_palustris_(Marek_Szczepanek).jpg,https://en.wikipedia.org/wiki/Marsh_warbler
4,acrocephalus_schoenobaenus,Sedge Warbler,https://upload.wikimedia.org/wikipedia/commons/thumb/5/54/Acrocephalus_schoenobaenus_1_%28Marek_Szczepanek%29-2.jpg/220px-Acrocephalus_schoenobaenus_1_%28Marek_Szczepanek%29-2.jpg,https://en.wikipedia.org/wiki/File:Acrocephalus_schoenobaenus_1_(Marek_Szczepanek)-2.jpg,https://en.wikipedia.org/wiki/Sedge_warbler
5,acrocephalus_scirpaceus,Eurasian Reed Warbler,https://upload.wikimedia.org/wikipedia/commons/thumb/3/3d/Acrocephalus_scirpaceus_Vlaskop_cropped.jpg/220px-Acrocephalus_scirpaceus_Vlaskop_cropped.jpg,https://en.wikipedia.org/wiki/File:Acrocephalus_scirpaceus_Vlaskop_cropped.jpg,https://en.wikipedia.org/wiki/Eurasian_reed_warbler
6,aegithalos_caudatus,Long-tailed Tit,https://upload.wikimedia.org/wikipedia/commons/thumb/0/0b/Long_tailed_Tit_on_a_washing_line_-_geograph.org.uk_-_1714032.jpg/220px-Long_tailed_Tit_on_a_washing_line_-_geograph.org.uk_-_1714032.jpg,https://en.wikipedia.org/wiki/File:Long_tailed_Tit_on_a_washing_line_-_geograph.org.uk_-_1714032.jpg,https://en.wikipedia.org/wiki/Long-tailed_tit
7,alauda_arvensis,Eurasian Skylark,https://upload.wikimedia.org/wikipedia/commons/thumb/d/d8/Alauda_arvensis_2.jpg/220px-Alauda_arvensis_2.jpg,https://en.wikipedia.org/wiki/File:Alauda_arvensis_2.jpg,https://en.wikipedia.org/wiki/Eurasian_skylark
8,anser_anser,Greylag Goose,https://upload.wikimedia.org/wikipedia/commons/thumb/5/57/Greylag_Goose_-_St_James%27s_Park%2C_London_-_Nov_2006.jpg/220px-Greylag_Goose_-_St_James%27s_Park%2C_London_-_Nov_2006.jpg,"https://en.wikipedia.org/wiki/File:Greylag_Goose_-_St_James%27s_Park,_London_-_Nov_2006.jpg",https://en.wikipedia.org/wiki/Greylag_goose
9,anthus_trivialis,Tree Pipit,https://upload.wikimedia.org/wikipedia/commons/thumb/d/db/Anthus_triviallis_%28Marek_Szczepanek%29.jpg/220px-Anthus_triviallis_%28Marek_Szczepanek%29.jpg,https://en.wikipedia.org/wiki/File:Anthus_triviallis_(Marek_Szczepanek).jpg,https://en.wikipedia.org/wiki/Tree_pipit
10,asio_otus,Long-eared Owl,https://upload.wikimedia.org/wikipedia/commons/thumb/8/8c/Asio_otus_-Battlefield_Falconry_Centre%2C_Shrewsbury%2C_Shropshire%2C_England-8a.jpg/220px-Asio_otus_-Battlefield_Falconry_Centre%2C_Shrewsbury%2C_Shropshire%2C_England-8a.jpg,"https://en.wikipedia.org/wiki/File:Asio_otus_-Battlefield_Falconry_Centre,_Shrewsbury,_Shropshire,_England-8a.jpg",https://en.wikipedia.org/wiki/Long-eared_owl
11,athene_noctua,Little Owl,https://upload.wikimedia.org/wikipedia/commons/thumb/a/a9/Mochuelo_Com%C3%BAn_%28_Athene_noctua_%29%281%29.jpg/220px-Mochuelo_Com%C3%BAn_%28_Athene_noctua_%29%281%29.jpg,https://en.wikipedia.org/wiki/File:Mochuelo_Com%C3%BAn_(_Athene_noctua_)(1).jpg,https://en.wikipedia.org/wiki/Little_owl
12,bubo_bubo,Eurasian Eagle-owl,https://upload.wikimedia.org/wikipedia/commons/thumb/8/8d/Bubo_bubo_winter_1.jpg/220px-Bubo_bubo_winter_1.jpg,https://en.wikipedia.org/wiki/File:Bubo_bubo_winter_1.jpg,https://en.wikipedia.org/wiki/Eurasian_eagle-owl
13,buteo_buteo,Common Buzzard,https://upload.wikimedia.org/wikipedia/commons/thumb/a/af/Steppe_buzzard_%28Buteo_buteo_vulpinus%29.jpg/220px-Steppe_buzzard_%28Buteo_buteo_vulpinus%29.jpg,https://en.wikipedia.org/wiki/File:Steppe_buzzard_(Buteo_buteo_vulpinus).jpg,https://en.wikipedia.org/wiki/Common_buzzard
14,caprimulgus_europaeus,European Nightjar,https://upload.wikimedia.org/wikipedia/commons/thumb/c/c1/%C5%9Eivanxap%C3%AEnok.jpg/220px-%C5%9Eivanxap%C3%AEnok.jpg,https://en.wikipedia.org/wiki/File:%C5%9Eivanxap%C3%AEnok.jpg,https://en.wikipedia.org/wiki/European_nightjar
15,carduelis_carduelis,European Goldfinch,https://upload.wikimedia.org/wikipedia/commons/thumb/7/7c/Carduelis_carduelis_close_up.jpg/220px-Carduelis_carduelis_close_up.jpg,https://en.wikipedia.org/wiki/File:Carduelis_carduelis_close_up.jpg,https://en.wikipedia.org/wiki/European_goldfinch
16,carpodacus_erythrinus,Common Rosefinch,https://upload.wikimedia.org/wikipedia/commons/thumb/f/f3/Common_Rosefinch_Neora_Valley_National_Park_Darjeeling_West_Bengal_India_30.04.2016.jpg/220px-Common_Rosefinch_Neora_Valley_National_Park_Darjeeling_West_Bengal_India_30.04.2016.jpg,https://en.wikipedia.org/wiki/File:Common_Rosefinch_Neora_Valley_National_Park_Darjeeling_West_Bengal_India_30.04.2016.jpg,https://en.wikipedia.org/wiki/Common_rosefinch
17,certhia_brachydactyla,Short-toed Treecreeper,https://upload.wikimedia.org/wikipedia/commons/thumb/1/16/Boomkruiper1reversed.jpg/220px-Boomkruiper1reversed.jpg,https://en.wikipedia.org/wiki/File:Boomkruiper1reversed.jpg,https://en.wikipedia.org/wiki/Short-toed_treecreeper
18,certhia_familiaris,Eurasian Treecreeper,https://upload.wikimedia.org/wikipedia/commons/thumb/0/04/Certhia_familiaris_01.jpg/220px-Certhia_familiaris_01.jpg,https://en.wikipedia.org/wiki/File:Certhia_familiaris_01.jpg,https://en.wikipedia.org/wiki/Eurasian_treecreeper
19,chroicocephalus_ridibundus,Black-headed Gull,https://upload.wikimedia.org/wikipedia/commons/thumb/2/29/Chroicocephalus_ridibundus_%28summer%29.jpg/220px-Chroicocephalus_ridibundus_%28summer%29.jpg,https://en.wikipedia.org/wiki/File:Chroicocephalus_ridibundus_(summer).jpg,https://en.wikipedia.org/wiki/Black-headed_gull
20,coccothraustes_coccothraustes,Hawfinch,https://upload.wikimedia.org/wikipedia/commons/thumb/8/85/Coccothraustes_coccothraustes_Parco_Della_Piana_around_Firenze%2C_Italy.jpg/220px-Coccothraustes_coccothraustes_Parco_Della_Piana_around_Firenze%2C_Italy.jpg,"https://en.wikipedia.org/wiki/File:Coccothraustes_coccothraustes_Parco_Della_Piana_around_Firenze,_Italy.jpg",https://en.wikipedia.org/wiki/Hawfinch
21,corvus_corax,Northern Raven,https://upload.wikimedia.org/wikipedia/commons/thumb/3/30/Corvus_corax.001_-_Tower_of_London.JPG/220px-Corvus_corax.001_-_Tower_of_London.JPG,https://en.wikipedia.org/wiki/File:Corvus_corax.001_-_Tower_of_London.JPG,https://en.wikipedia.org/wiki/Northern_raven
22,corvus_cornix,Hooded Crow,https://upload.wikimedia.org/wikipedia/commons/thumb/b/b8/Nebelkr%C3%A4he_Corvus_cornix.jpg/220px-Nebelkr%C3%A4he_Corvus_cornix.jpg,https://en.wikipedia.org/wiki/File:Nebelkr%C3%A4he_Corvus_cornix.jpg,https://en.wikipedia.org/wiki/Hooded_crow
23,corvus_corone,Carrion Crow,https://upload.wikimedia.org/wikipedia/commons/thumb/a/a9/Corvus_corone_-near_Canford_Cliffs%2C_Poole%2C_England-8.jpg/220px-Corvus_corone_-near_Canford_Cliffs%2C_Poole%2C_England-8.jpg,"https://en.wikipedia.org/wiki/File:Corvus_corone_-near_Canford_Cliffs,_Poole,_England-8.jpg",https://en.wikipedia.org/wiki/Carrion_crow
24,corvus_frugilegus,Rook,https://upload.wikimedia.org/wikipedia/commons/thumb/6/6a/Corvus_frugilegus_-Dartmoor%2C_Devon%2C_England-8.jpg/220px-Corvus_frugilegus_-Dartmoor%2C_Devon%2C_England-8.jpg,"https://en.wikipedia.org/wiki/File:Corvus_frugilegus_-Dartmoor,_Devon,_England-8.jpg",https://en.wikipedia.org/wiki/Rook_(bird)
25,coturnix_coturnix,Common Quail,https://upload.wikimedia.org/wikipedia/commons/thumb/9/92/A_common_quail_in_Lebanon.jpg/220px-A_common_quail_in_Lebanon.jpg,https://en.wikipedia.org/wiki/File:A_common_quail_in_Lebanon.jpg,https://en.wikipedia.org/wiki/Common_quail
26,crex_crex,Corn Crake,https://upload.wikimedia.org/wikipedia/commons/thumb/c/c2/Corncrake2.jpg/220px-Corncrake2.jpg,https://en.wikipedia.org/wiki/File:Corncrake2.jpg,https://en.wikipedia.org/wiki/Corn_crake
27,cuculus_canorus,Common Cuckoo,https://upload.wikimedia.org/wikipedia/commons/thumb/1/14/Cuculus_canorus_vogelartinfo_chris_romeiks_CHR0791_cropped.jpg/220px-Cuculus_canorus_vogelartinfo_chris_romeiks_CHR0791_cropped.jpg,https://en.wikipedia.org/wiki/File:Cuculus_canorus_vogelartinfo_chris_romeiks_CHR0791_cropped.jpg,https://en.wikipedia.org/wiki/Common_cuckoo
28,delichon_urbicum,Common House Martin,https://upload.wikimedia.org/wikipedia/commons/thumb/2/2e/Mehlschwalbe_Delichon_urbicum.jpg/220px-Mehlschwalbe_Delichon_urbicum.jpg,https://en.wikipedia.org/wiki/File:Mehlschwalbe_Delichon_urbicum.jpg,https://en.wikipedia.org/wiki/Common_house_martin
29,dumetella_carolinensis,Grey Catbird,https://upload.wikimedia.org/wikipedia/commons/thumb/2/27/Dumetella_carolinensis_-Brendan_T._Byrne_State_Forest%2C_New_Jersey%2C_USA-8.jpg/220px-Dumetella_carolinensis_-Brendan_T._Byrne_State_Forest%2C_New_Jersey%2C_USA-8.jpg,"https://en.wikipedia.org/wiki/File:Dumetella_carolinensis_-Brendan_T._Byrne_State_Forest,_New_Jersey,_USA-8.jpg",https://en.wikipedia.org/wiki/Grey_catbird
30,emberiza_calandra,Corn Bunting,https://upload.wikimedia.org/wikipedia/commons/thumb/f/f3/Emberiza_calandra_-Jardin_des_Plantes%2C_Paris%2C_France-8.jpg/220px-Emberiza_calandra_-Jardin_des_Plantes%2C_Paris%2C_France-8.jpg,"https://en.wikipedia.org/wiki/File:Emberiza_calandra_-Jardin_des_Plantes,_Paris,_France-8.jpg",https://en.wikipedia.org/wiki/Corn_bunting
31,emberiza_cirlus,Cirl Bunting,https://upload.wikimedia.org/wikipedia/commons/thumb/8/88/Cirl_bunting_cropped.jpg/220px-Cirl_bunting_cropped.jpg,https://en.wikipedia.org/wiki/File:Cirl_bunting_cropped.jpg,https://en.wikipedia.org/wiki/Cirl_bunting
32,emberiza_citrinella,Yellowhammer,https://upload.wikimedia.org/wikipedia/commons/thumb/6/62/Goldammer_Emberiza_citrinella.jpg/220px-Goldammer_Emberiza_citrinella.jpg,https://en.wikipedia.org/wiki/File:Goldammer_Emberiza_citrinella.jpg,https://en.wikipedia.org/wiki/Yellowhammer
33,emberiza_hortulana,Ortolan Bunting,https://upload.wikimedia.org/wikipedia/commons/thumb/6/6e/Embhor.jpg/220px-Embhor.jpg,https://en.wikipedia.org/wiki/File:Embhor.jpg,https://en.wikipedia.org/wiki/Ortolan_bunting
34,emberiza_schoeniclus,Common Reed Bunting,https://upload.wikimedia.org/wikipedia/commons/thumb/4/4e/Common_reed_bunting_%28emberiza_schoeniclus%29_m.jpg/220px-Common_reed_bunting_%28emberiza_schoeniclus%29_m.jpg,https://en.wikipedia.org/wiki/File:Common_reed_bunting_(emberiza_schoeniclus)_m.jpg,https://en.wikipedia.org/wiki/Common_reed_bunting
35,erithacus_rubecula,European Robin,https://upload.wikimedia.org/wikipedia/commons/thumb/f/f3/Erithacus_rubecula_with_cocked_head.jpg/220px-Erithacus_rubecula_with_cocked_head.jpg,https://en.wikipedia.org/wiki/File:Erithacus_rubecula_with_cocked_head.jpg,https://en.wikipedia.org/wiki/European_robin
36,falco_naumanni,Lesser Kestrel,https://upload.wikimedia.org/wikipedia/commons/thumb/8/87/Lesser_Kestrel_from_Fujeirah.jpg/220px-Lesser_Kestrel_from_Fujeirah.jpg,https://en.wikipedia.org/wiki/File:Lesser_Kestrel_from_Fujeirah.jpg,https://en.wikipedia.org/wiki/Lesser_kestrel
37,ficedula_albicollis,Collared Flycatcher,https://upload.wikimedia.org/wikipedia/commons/thumb/0/00/Collared_flycatcher_%28Ficedula_albicollis%29.jpg/220px-Collared_flycatcher_%28Ficedula_albicollis%29.jpg,https://en.wikipedia.org/wiki/File:Collared_flycatcher_(Ficedula_albicollis).jpg,https://en.wikipedia.org/wiki/Collared_flycatcher
38,ficedula_hypoleuca,European Pied Flycatcher,https://upload.wikimedia.org/wikipedia/commons/thumb/5/53/Ficedula_hypoleuca_-Wood_of_Cree_Nature_Reserve%2C_Scotland_-male-8a.jpg/220px-Ficedula_hypoleuca_-Wood_of_Cree_Nature_Reserve%2C_Scotland_-male-8a.jpg,"https://en.wikipedia.org/wiki/File:Ficedula_hypoleuca_-Wood_of_Cree_Nature_Reserve,_Scotland_-male-8a.jpg",https://en.wikipedia.org/wiki/European_pied_flycatcher
39,ficedula_parva,Red-breasted Flycatcher,https://upload.wikimedia.org/wikipedia/commons/thumb/7/74/Red_brested_flycatcher_by_David_Raju_%28cropped%29.jpg/220px-Red_brested_flycatcher_by_David_Raju_%28cropped%29.jpg,https://en.wikipedia.org/wiki/File:Red_brested_flycatcher_by_David_Raju_(cropped).jpg,https://en.wikipedia.org/wiki/Red-breasted_flycatcher
40,fringilla_coelebs,Common Chaffinch,https://upload.wikimedia.org/wikipedia/commons/thumb/a/ab/Chaffinch_%28Fringilla_coelebs%29.jpg/220px-Chaffinch_%28Fringilla_coelebs%29.jpg,https://en.wikipedia.org/wiki/File:Chaffinch_(Fringilla_coelebs).jpg,https://en.wikipedia.org/wiki/Common_chaffinch
41,garrulus_glandarius,Eurasian Jay,https://upload.wikimedia.org/wikipedia/commons/thumb/6/6d/Garrulus_glandarius_1_Luc_Viatour.jpg/220px-Garrulus_glandarius_1_Luc_Viatour.jpg,https://en.wikipedia.org/wiki/File:Garrulus_glandarius_1_Luc_Viatour.jpg,https://en.wikipedia.org/wiki/Eurasian_jay
42,grus_grus,Common Crane,https://upload.wikimedia.org/wikipedia/commons/thumb/f/fd/Common_crane_grus_grus.jpg/220px-Common_crane_grus_grus.jpg,https://en.wikipedia.org/wiki/File:Common_crane_grus_grus.jpg,https://en.wikipedia.org/wiki/Common_crane
43,hippolais_icterina,Icterine Warbler,https://upload.wikimedia.org/wikipedia/commons/thumb/6/6d/Hippolais_icterina2.jpg/220px-Hippolais_icterina2.jpg,https://en.wikipedia.org/wiki/File:Hippolais_icterina2.jpg,https://en.wikipedia.org/wiki/Icterine_warbler
44,hippolais_polyglotta,Melodious Warbler,https://upload.wikimedia.org/wikipedia/commons/thumb/6/6a/Hippolais_polyglotta.jpg/220px-Hippolais_polyglotta.jpg,https://en.wikipedia.org/wiki/File:Hippolais_polyglotta.jpg,https://en.wikipedia.org/wiki/Melodious_warbler
45,hirundo_rustica,Barn Swallow,https://upload.wikimedia.org/wikipedia/commons/thumb/2/24/Landsvale.jpg/220px-Landsvale.jpg,https://en.wikipedia.org/wiki/File:Landsvale.jpg,https://en.wikipedia.org/wiki/Barn_swallow
46,jynx_torquilla,Eurasian Wryneck,https://upload.wikimedia.org/wikipedia/commons/thumb/0/0a/Northern_wryneck_by_David_Raju_%28cropped%29.jpg/220px-Northern_wryneck_by_David_Raju_%28cropped%29.jpg,https://en.wikipedia.org/wiki/File:Northern_wryneck_by_David_Raju_(cropped).jpg,https://en.wikipedia.org/wiki/Eurasian_wryneck
47,larus_canus,Mew Gull,https://upload.wikimedia.org/wikipedia/commons/thumb/d/de/Larus_canus1.jpg/220px-Larus_canus1.jpg,https://en.wikipedia.org/wiki/File:Larus_canus1.jpg,https://en.wikipedia.org/wiki/Mew_gull
48,locustella_fluviatilis,River Warbler,https://upload.wikimedia.org/wikipedia/commons/thumb/d/de/Flodsangare.jpg/220px-Flodsangare.jpg,https://en.wikipedia.org/wiki/File:Flodsangare.jpg,https://en.wikipedia.org/wiki/River_warbler
49,locustella_naevia,Common Grasshopper Warbler,https://upload.wikimedia.org/wikipedia/commons/thumb/c/c3/Grashoppsangare-070512.jpg/220px-Grashoppsangare-070512.jpg,https://en.wikipedia.org/wiki/File:Grashoppsangare-070512.jpg,https://en.wikipedia.org/wiki/Common_grasshopper_warbler
50,loxia_curvirostra,Red Crossbill,https://upload.wikimedia.org/wikipedia/commons/thumb/4/49/Red_Crossbills_%28Male%29.jpg/220px-Red_Crossbills_%28Male%29.jpg,https://en.wikipedia.org/wiki/File:Red_Crossbills_(Male).jpg,https://en.wikipedia.org/wiki/Red_crossbill
51,lullula_arborea,Woodlark,https://upload.wikimedia.org/wikipedia/commons/thumb/9/96/Lullula_arborea_%28J%C3%A1n_Svetl%C3%ADk%29.jpg/220px-Lullula_arborea_%28J%C3%A1n_Svetl%C3%ADk%29.jpg,https://en.wikipedia.org/wiki/File:Lullula_arborea_(J%C3%A1n_Svetl%C3%ADk).jpg,https://en.wikipedia.org/wiki/Woodlark
52,luscinia_luscinia,Thrush Nightingale,https://upload.wikimedia.org/wikipedia/commons/thumb/f/f9/Nightingale_of_ancient_Uglich.JPG/220px-Nightingale_of_ancient_Uglich.JPG,https://en.wikipedia.org/wiki/File:Nightingale_of_ancient_Uglich.JPG,https://en.wikipedia.org/wiki/Thrush_nightingale
53,luscinia_megarhynchos,Common Nightingale,https://upload.wikimedia.org/wikipedia/commons/thumb/c/c8/Luscinia_megarhynchos_-_01.jpg/220px-Luscinia_megarhynchos_-_01.jpg,https://en.wikipedia.org/wiki/File:Luscinia_megarhynchos_-_01.jpg,https://en.wikipedia.org/wiki/Common_nightingale
54,luscinia_svecica,Bluethroat,https://upload.wikimedia.org/wikipedia/commons/thumb/4/41/Bluethroat_%28Luscinia_svecica%29_Photograph_by_Shantanu_Kuveskar.jpg/220px-Bluethroat_%28Luscinia_svecica%29_Photograph_by_Shantanu_Kuveskar.jpg,https://en.wikipedia.org/wiki/File:Bluethroat_(Luscinia_svecica)_Photograph_by_Shantanu_Kuveskar.jpg,https://en.wikipedia.org/wiki/Bluethroat
55,merops_apiaster,European Bee-eater,https://upload.wikimedia.org/wikipedia/commons/thumb/3/3d/Guepier_d%27europe_au_parc_national_Ichkeul.jpg/220px-Guepier_d%27europe_au_parc_national_Ichkeul.jpg,https://en.wikipedia.org/wiki/File:Guepier_d%27europe_au_parc_national_Ichkeul.jpg,https://en.wikipedia.org/wiki/European_bee-eater
56,motacilla_alba,White Wagtail,https://upload.wikimedia.org/wikipedia/commons/thumb/9/97/White_wagtail_female_first_summer.jpg/220px-White_wagtail_female_first_summer.jpg,https://en.wikipedia.org/wiki/File:White_wagtail_female_first_summer.jpg,https://en.wikipedia.org/wiki/White_wagtail
57,motacilla_flava,Western Yellow Wagtail,https://upload.wikimedia.org/wikipedia/commons/thumb/6/67/Wiesenschafstelze.JPG/220px-Wiesenschafstelze.JPG,https://en.wikipedia.org/wiki/File:Wiesenschafstelze.JPG,https://en.wikipedia.org/wiki/Western_yellow_wagtail
58,muscicapa_striata,Spotted Flycatcher,https://upload.wikimedia.org/wikipedia/commons/thumb/2/25/Muscicapa_striata_1_%28Martin_Mecnarowski%29.jpg/220px-Muscicapa_striata_1_%28Martin_Mecnarowski%29.jpg,https://en.wikipedia.org/wiki/File:Muscicapa_striata_1_(Martin_Mecnarowski).jpg,https://en.wikipedia.org/wiki/Spotted_flycatcher
59,numenius_arquata,Eurasian Curlew,https://upload.wikimedia.org/wikipedia/commons/thumb/2/2c/Eurasian_Curlew.jpg/220px-Eurasian_Curlew.jpg,https://en.wikipedia.org/wiki/File:Eurasian_Curlew.jpg,https://en.wikipedia.org/wiki/Eurasian_curlew
60,oriolus_oriolus,Eurasian Golden Oriole,https://upload.wikimedia.org/wikipedia/commons/thumb/6/6f/Loriot_d%27Europe_by_Michel_Idre.jpg/220px-Loriot_d%27Europe_by_Michel_Idre.jpg,https://en.wikipedia.org/wiki/File:Loriot_d%27Europe_by_Michel_Idre.jpg,https://en.wikipedia.org/wiki/Eurasian_golden_oriole
61,parus_major,Great Tit,https://upload.wikimedia.org/wikipedia/commons/thumb/e/ef/Great_tit_side-on.jpg/220px-Great_tit_side-on.jpg,https://en.wikipedia.org/wiki/File:Great_tit_side-on.jpg,https://en.wikipedia.org/wiki/Great_tit
62,passer_domesticus,House Sparrow,https://upload.wikimedia.org/wikipedia/commons/thumb/6/6e/Passer_domesticus_male_%2815%29.jpg/220px-Passer_domesticus_male_%2815%29.jpg,https://en.wikipedia.org/wiki/File:Passer_domesticus_male_(15).jpg,https://en.wikipedia.org/wiki/House_sparrow
63,passer_montanus,Eurasian Tree Sparrow,https://upload.wikimedia.org/wikipedia/commons/thumb/7/73/Tree_Sparrow_Japan_Flip.jpg/220px-Tree_Sparrow_Japan_Flip.jpg,https://en.wikipedia.org/wiki/File:Tree_Sparrow_Japan_Flip.jpg,https://en.wikipedia.org/wiki/Eurasian_tree_sparrow
64,phoenicurus_ochruros,Black Redstart,https://upload.wikimedia.org/wikipedia/commons/thumb/1/14/Hausrotschwanz_Brutpflege_2006-05-21-05.jpg/220px-Hausrotschwanz_Brutpflege_2006-05-21-05.jpg,https://en.wikipedia.org/wiki/File:Hausrotschwanz_Brutpflege_2006-05-21-05.jpg,https://en.wikipedia.org/wiki/Black_redstart
65,phoenicurus_phoenicurus,Common Redstart,https://upload.wikimedia.org/wikipedia/commons/thumb/1/1a/Phoenicurus_phoenicurus_San_Michele_all%27Adige.jpg/220px-Phoenicurus_phoenicurus_San_Michele_all%27Adige.jpg,https://en.wikipedia.org/wiki/File:Phoenicurus_phoenicurus_San_Michele_all%27Adige.jpg,https://en.wikipedia.org/wiki/Common_redstart
66,phylloscopus_bonelli,Western Bonelli's Warbler,https://upload.wikimedia.org/wikipedia/commons/thumb/6/6f/Phylloscopus_bonelli_in_the_wild.jpg/260px-Phylloscopus_bonelli_in_the_wild.jpg,https://en.wikipedia.org/wiki/File:Phylloscopus_bonelli_in_the_wild.jpg,https://en.wikipedia.org/wiki/Western_bonelli's_warbler
67,phylloscopus_collybita,Common Chiffchaff,https://upload.wikimedia.org/wikipedia/commons/thumb/c/cc/Chiffchaff_-_Phylloscopus_collybita.jpg/240px-Chiffchaff_-_Phylloscopus_collybita.jpg,https://en.wikipedia.org/wiki/File:Chiffchaff_-_Phylloscopus_collybita.jpg,https://en.wikipedia.org/wiki/Common_chiffchaff
68,phylloscopus_sibilatrix,Wood Warbler,https://upload.wikimedia.org/wikipedia/commons/thumb/e/e0/Flickr_-_Rainbirder_-_Wood_Warbler_%28Phylloscopus_sibilatrix%29.jpg/260px-Flickr_-_Rainbirder_-_Wood_Warbler_%28Phylloscopus_sibilatrix%29.jpg,https://en.wikipedia.org/wiki/File:Flickr_-_Rainbirder_-_Wood_Warbler_(Phylloscopus_sibilatrix).jpg,https://en.wikipedia.org/wiki/Wood_warbler
69,phylloscopus_trochiloides,Greenish Warbler,https://upload.wikimedia.org/wikipedia/commons/thumb/4/4e/Greenish_Warbler_Sikkim_India_11.05.2014.jpg/220px-Greenish_Warbler_Sikkim_India_11.05.2014.jpg,https://en.wikipedia.org/wiki/File:Greenish_Warbler_Sikkim_India_11.05.2014.jpg,https://en.wikipedia.org/wiki/Greenish_warbler
70,phylloscopus_trochilus,Willow Warbler,https://upload.wikimedia.org/wikipedia/commons/thumb/5/5b/Willow_Warbler_Phylloscopus_trochilus.jpg/220px-Willow_Warbler_Phylloscopus_trochilus.jpg,https://en.wikipedia.org/wiki/File:Willow_Warbler_Phylloscopus_trochilus.jpg,https://en.wikipedia.org/wiki/Willow_warbler
71,pica_pica,Eurasian Magpie,https://upload.wikimedia.org/wikipedia/commons/thumb/b/b6/Pica_pica_-_Compans_Caffarelli_-_2012-03-16.jpg/220px-Pica_pica_-_Compans_Caffarelli_-_2012-03-16.jpg,https://en.wikipedia.org/wiki/File:Pica_pica_-_Compans_Caffarelli_-_2012-03-16.jpg,https://en.wikipedia.org/wiki/Eurasian_magpie
72,picoides_tridactylus,Eurasian Three-toed Woodpecker,https://upload.wikimedia.org/wikipedia/commons/thumb/0/04/Three-toed_Woodpecker_-_Finlandia_0005_%283%29.jpg/220px-Three-toed_Woodpecker_-_Finlandia_0005_%283%29.jpg,https://en.wikipedia.org/wiki/File:Three-toed_Woodpecker_-_Finlandia_0005_(3).jpg,https://en.wikipedia.org/wiki/Eurasian_three-toed_woodpecker
73,prunella_modularis,Dunnock,https://upload.wikimedia.org/wikipedia/commons/thumb/7/72/Dunnock_crop2.jpg/220px-Dunnock_crop2.jpg,https://en.wikipedia.org/wiki/File:Dunnock_crop2.jpg,https://en.wikipedia.org/wiki/Dunnock
74,pyrrhula_pyrrhula,Eurasian Bullfinch,https://upload.wikimedia.org/wikipedia/commons/thumb/d/de/Bullfinch_male.jpg/220px-Bullfinch_male.jpg,https://en.wikipedia.org/wiki/File:Bullfinch_male.jpg,https://en.wikipedia.org/wiki/Eurasian_bullfinch
75,rallus_aquaticus,Water Rail,https://upload.wikimedia.org/wikipedia/commons/thumb/4/4c/Ralaqu.jpg/220px-Ralaqu.jpg,https://en.wikipedia.org/wiki/File:Ralaqu.jpg,https://en.wikipedia.org/wiki/Water_rail
76,regulus_ignicapilla,Common Firecrest,https://upload.wikimedia.org/wikipedia/commons/thumb/0/08/Regulus_ignicapilla_Arundel.jpg/240px-Regulus_ignicapilla_Arundel.jpg,https://en.wikipedia.org/wiki/File:Regulus_ignicapilla_Arundel.jpg,https://en.wikipedia.org/wiki/Common_firecrest
77,regulus_regulus,Goldcrest,https://upload.wikimedia.org/wikipedia/commons/thumb/f/fe/Goldcrest_1.jpg/240px-Goldcrest_1.jpg,https://en.wikipedia.org/wiki/File:Goldcrest_1.jpg,https://en.wikipedia.org/wiki/Goldcrest
78,rissa_tridactyla,Black-legged Kittiwake,https://upload.wikimedia.org/wikipedia/commons/thumb/0/03/Rissa_tridactyla_%28Vard%C3%B8%2C_2012%29.jpg/220px-Rissa_tridactyla_%28Vard%C3%B8%2C_2012%29.jpg,"https://en.wikipedia.org/wiki/File:Rissa_tridactyla_(Vard%C3%B8,_2012).jpg",https://en.wikipedia.org/wiki/Black-legged_kittiwake
79,saxicola_rubetra,Whinchat,https://upload.wikimedia.org/wikipedia/commons/thumb/5/5c/Saxicola_rubetra_-Belgium_-male-8.jpg/220px-Saxicola_rubetra_-Belgium_-male-8.jpg,https://en.wikipedia.org/wiki/File:Saxicola_rubetra_-Belgium_-male-8.jpg,https://en.wikipedia.org/wiki/Whinchat
80,serinus_serinus,European Serin,https://upload.wikimedia.org/wikipedia/commons/thumb/f/fb/Girlitz_Serinus_serinus.jpg/220px-Girlitz_Serinus_serinus.jpg,https://en.wikipedia.org/wiki/File:Girlitz_Serinus_serinus.jpg,https://en.wikipedia.org/wiki/European_serin
81,sitta_europaea,Eurasian Nuthatch,https://upload.wikimedia.org/wikipedia/commons/thumb/9/9d/Sitta_europaea_-Kent%2C_England-8.jpg/260px-Sitta_europaea_-Kent%2C_England-8.jpg,"https://en.wikipedia.org/wiki/File:Sitta_europaea_-Kent,_England-8.jpg",https://en.wikipedia.org/wiki/Eurasian_nuthatch
82,streptopelia_decaocto,Eurasian Collared Dove,https://upload.wikimedia.org/wikipedia/commons/thumb/0/0b/Eurasian_collared-dove_%28Streptopelia_decaocto%29.jpg/220px-Eurasian_collared-dove_%28Streptopelia_decaocto%29.jpg,https://en.wikipedia.org/wiki/File:Eurasian_collared-dove_(Streptopelia_decaocto).jpg,https://en.wikipedia.org/wiki/Eurasian_collared_dove
83,strix_aluco,Tawny Owl,https://upload.wikimedia.org/wikipedia/commons/thumb/d/d9/Waldkauz-Strix_aluco.jpg/220px-Waldkauz-Strix_aluco.jpg,https://en.wikipedia.org/wiki/File:Waldkauz-Strix_aluco.jpg,https://en.wikipedia.org/wiki/Tawny_owl
84,sturnus_vulgaris,Common Starling,https://upload.wikimedia.org/wikipedia/commons/thumb/7/7d/Toulouse_-_Sturnus_vulgaris_-_2012-02-26_-_3.jpg/220px-Toulouse_-_Sturnus_vulgaris_-_2012-02-26_-_3.jpg,https://en.wikipedia.org/wiki/File:Toulouse_-_Sturnus_vulgaris_-_2012-02-26_-_3.jpg,https://en.wikipedia.org/wiki/Common_starling
85,sylvia_atricapilla,Eurasian Blackcap,https://upload.wikimedia.org/wikipedia/commons/thumb/5/55/Sylvia_atricapilla_-Lullington_Heath%2C_East_Sussex%2C_England_-male-8.jpg/220px-Sylvia_atricapilla_-Lullington_Heath%2C_East_Sussex%2C_England_-male-8.jpg,"https://en.wikipedia.org/wiki/File:Sylvia_atricapilla_-Lullington_Heath,_East_Sussex,_England_-male-8.jpg",https://en.wikipedia.org/wiki/Eurasian_blackcap
86,sylvia_borin,Garden Warbler,https://upload.wikimedia.org/wikipedia/commons/thumb/0/07/Sylvia_borin_%28%C3%96rebro_County%29.jpg/260px-Sylvia_borin_%28%C3%96rebro_County%29.jpg,https://en.wikipedia.org/wiki/File:Sylvia_borin_(%C3%96rebro_County).jpg,https://en.wikipedia.org/wiki/Garden_warbler
87,sylvia_communis,Common Whitethroat,https://upload.wikimedia.org/wikipedia/commons/thumb/9/91/Common_Whitethroat.jpg/220px-Common_Whitethroat.jpg,https://en.wikipedia.org/wiki/File:Common_Whitethroat.jpg,https://en.wikipedia.org/wiki/Common_whitethroat
88,sylvia_curruca,Lesser Whitethroat,https://upload.wikimedia.org/wikipedia/commons/thumb/2/2b/Sylvia_curruca_1_%28Martin_Mecnarowski%29.jpg/220px-Sylvia_curruca_1_%28Martin_Mecnarowski%29.jpg,https://en.wikipedia.org/wiki/File:Sylvia_curruca_1_(Martin_Mecnarowski).jpg,https://en.wikipedia.org/wiki/Lesser_whitethroat
89,sylvia_melanocephala,Sardinian Warbler,https://upload.wikimedia.org/wikipedia/commons/thumb/e/e1/Sardinian_Warbler.jpg/220px-Sardinian_Warbler.jpg,https://en.wikipedia.org/wiki/File:Sardinian_Warbler.jpg,https://en.wikipedia.org/wiki/Sardinian_warbler
90,tringa_totanus,Common Redshank,https://upload.wikimedia.org/wikipedia/commons/thumb/4/4e/Common_Redshank_Tringa_totanus.jpg/220px-Common_Redshank_Tringa_totanus.jpg,https://en.wikipedia.org/wiki/File:Common_Redshank_Tringa_totanus.jpg,https://en.wikipedia.org/wiki/Common_redshank
91,troglodytes_troglodytes,Eurasian Wren,https://upload.wikimedia.org/wikipedia/commons/thumb/f/f7/Eurasian_Wren_Pangolakha_Wildlife_Sanctuary_East_Sikkim_India_20.10.2015.jpg/220px-Eurasian_Wren_Pangolakha_Wildlife_Sanctuary_East_Sikkim_India_20.10.2015.jpg,https://en.wikipedia.org/wiki/File:Eurasian_Wren_Pangolakha_Wildlife_Sanctuary_East_Sikkim_India_20.10.2015.jpg,https://en.wikipedia.org/wiki/Eurasian_wren
92,turdus_iliacus,Redwing,https://upload.wikimedia.org/wikipedia/commons/thumb/c/c1/Redwing_Turdus_iliacus.jpg/220px-Redwing_Turdus_iliacus.jpg,https://en.wikipedia.org/wiki/File:Redwing_Turdus_iliacus.jpg,https://en.wikipedia.org/wiki/Redwing
93,turdus_merula,Common Blackbird,https://upload.wikimedia.org/wikipedia/commons/thumb/a/a9/Common_Blackbird.jpg/260px-Common_Blackbird.jpg,https://en.wikipedia.org/wiki/File:Common_Blackbird.jpg,https://en.wikipedia.org/wiki/Common_blackbird
94,turdus_migratorius,American Robin,https://upload.wikimedia.org/wikipedia/commons/thumb/b/b8/Turdus-migratorius-002.jpg/220px-Turdus-migratorius-002.jpg,https://en.wikipedia.org/wiki/File:Turdus-migratorius-002.jpg,https://en.wikipedia.org/wiki/American_robin
95,turdus_philomelos,Song Thrush,https://upload.wikimedia.org/wikipedia/commons/thumb/e/ea/Song_Thrush_%28Turdus_philomelos%29_singing_in_tree.jpg/240px-Song_Thrush_%28Turdus_philomelos%29_singing_in_tree.jpg,https://en.wikipedia.org/wiki/File:Song_Thrush_(Turdus_philomelos)_singing_in_tree.jpg,https://en.wikipedia.org/wiki/Song_thrush
96,turdus_pilaris,Fieldfare,https://upload.wikimedia.org/wikipedia/commons/thumb/9/97/Turdus_pilaris2.jpg/220px-Turdus_pilaris2.jpg,https://en.wikipedia.org/wiki/File:Turdus_pilaris2.jpg,https://en.wikipedia.org/wiki/Fieldfare
97,turdus_viscivorus,Mistle Thrush,https://upload.wikimedia.org/wikipedia/commons/thumb/9/9e/Turdus_viscivorus_in_Baikonur-town_001.jpg/220px-Turdus_viscivorus_in_Baikonur-town_001.jpg,https://en.wikipedia.org/wiki/File:Turdus_viscivorus_in_Baikonur-town_001.jpg,https://en.wikipedia.org/wiki/Mistle_thrush
98,vanellus_vanellus,Northern Lapwing,https://upload.wikimedia.org/wikipedia/commons/thumb/2/2f/Northern-Lapwing-Vanellus-vanellus.jpg/220px-Northern-Lapwing-Vanellus-vanellus.jpg,https://en.wikipedia.org/wiki/File:Northern-Lapwing-Vanellus-vanellus.jpg,https://en.wikipedia.org/wiki/Northern_lapwing
99,vireo_olivaceus,Red-eyed Vireo,https://upload.wikimedia.org/wikipedia/commons/thumb/0/03/Vireo_olivaceus_-Madison_-Wisconsin_-USA-8.jpg/220px-Vireo_olivaceus_-Madison_-Wisconsin_-USA-8.jpg,https://en.wikipedia.org/wiki/File:Vireo_olivaceus_-Madison_-Wisconsin_-USA-8.jpg,https://en.wikipedia.org/wiki/Red-eyed_vireo
